1,Абросимов К. С.,sawice3798@brandoza.com,ИВТАСбд-21
5,Иванов И. И.,jogajoissapa-3480@yopmail.com,ИВТАСбд-12
2,Зайцев М. Е.,luvouxepivi-1506@yopmail.com,ИВТАСбд-13
3,Костылин М. Ф.,deuxoutroutreime-7669@yopmail.com,ИВТАСбд-13
4,Воронина А. Н.,crigronougrajo-1747@yopmail.com,ИВТАСбд-14
8,Смирнова Л. К.,vauffalloprefo-2106@yopmail.com,ИВТАСбд-31
12,Смирнов М. А.,beuhojaufagrau-7448@yopmail.com,ИВТАСбд-32
33,Субботина М. Д.,troiyeffayofi-9207@yopmail.com,ИВТАПбд -22
13,Григорьев С. М.,hoimasseiweixe-5051@yopmail.com,ИВТАПбд -23
5,Федосеева К. Е.,labadocrewi-5301@yopmail.com,ИВТАПбд -24
7,Смирнова А. И.,fallammaxucu-4559@yopmail.com,ИВТАПбд -21
45,Маслова В. С.,jolloidixeiffu-2839@yopmail.com,ИВТАПбд -21
9,Степанова В. П.,mouyauwikato-9634@yopmail.com,ИВТАПбд -22
25,Соловьева А. П.,coffuddonudo-3166@yopmail.com,ИВТАПбд -22
76,Калмыков Г. Д.,tulexibiddo-2454@yopmail.com,ИВТАПбд -12
46,Амогус,Сап,ИВТАСбд-21
58,Рюриков Сергей Чивапчичин,ok@gmail.com,ИВТАСбд-22
